Classification,Date
Medicine (miscellaneous),2018-03-02
Medicine (miscellaneous),2022-12-01
Medicine (miscellaneous),2022-12-01
Medicine (miscellaneous),2022-03-01
Neurology (clinical),2019-11-01
Nuclear and High Energy Physics,2018-01-01
Nuclear and High Energy Physics,2018-03-01
Nuclear and High Energy Physics,2018-03-10
Nuclear and High Energy Physics,2018-01-01
Nuclear and High Energy Physics,2018-02-01
Nuclear and High Energy Physics,2018-02-01
Nuclear and High Energy Physics,2019-08-10
Nuclear and High Energy Physics,2019-07-26
Nuclear and High Energy Physics,2019-12-01
Nuclear and High Energy Physics,2019-09-06
Nuclear and High Energy Physics,2019-11-10
Nuclear and High Energy Physics,2019-03-01
Nuclear and High Energy Physics,2019-01-01
Nuclear and High Energy Physics,2019-04-01
Nuclear and High Energy Physics,2019-05-01
Nuclear and High Energy Physics,2019-06-11
Nuclear and High Energy Physics,2020-09-01
Nuclear and High Energy Physics,2020-08-01
Nuclear and High Energy Physics,2020-07-01
Nuclear and High Energy Physics,2020-02-01
Nuclear and High Energy Physics,2020-05-10
Nuclear and High Energy Physics,2021-10-01
Nuclear and High Energy Physics,2021-12-01
Nuclear and High Energy Physics,2021-08-10
Nuclear and High Energy Physics,2021-03-01
Nuclear and High Energy Physics,2021-04-01
Nuclear and High Energy Physics,2021-07-01
Nuclear and High Energy Physics,2018-08-01
Nuclear and High Energy Physics,2018-12-01
Nuclear and High Energy Physics,2018-10-05
Nuclear and High Energy Physics,2018-05-10
Nuclear and High Energy Physics,2018-07-10
Nuclear and High Energy Physics,2018-07-01
Nuclear and High Energy Physics,2018-09-01
Nuclear and High Energy Physics,2018-11-01
Nuclear and High Energy Physics,2022-05-01
Nuclear and High Energy Physics,2022-04-01
Nuclear and High Energy Physics,2022-05-01
Nuclear and High Energy Physics,2022-04-01
Nuclear and High Energy Physics,2023-09-10
Nuclear and High Energy Physics,2023-07-10
Nuclear and High Energy Physics,2023-06-01
Renewable Energy,2019-08-01
Renewable Energy,2021-11-01
Renewable Energy,2021-01-01
Renewable Energy,2021-07-01
Renewable Energy,2021-05-01
Renewable Energy,2022-09-01
Renewable Energy,2022-01-01
Drug Discovery,2018-01-01
Drug Discovery,2019-07-20
Drug Discovery,2019-09-16
Drug Discovery,2020-01-01
Drug Discovery,2021-01-01
General Medicine,2018-04-01
General Medicine,2018-01-01
General Medicine,2018-03-01
General Medicine,2019-08-01
General Medicine,2019-08-01
General Medicine,2019-05-01
General Medicine,2019-05-01
General Medicine,2019-05-01
General Medicine,2019-03-01
General Medicine,2019-01-01
General Medicine,2019-01-01
General Medicine,2019-01-01
General Medicine,2019-04-01
General Medicine,2019-06-01
General Medicine,2019-01-01
General Medicine,2020-11-20
General Medicine,2020-12-01
General Medicine,2020-11-01
General Medicine,2020-01-01
General Medicine,2020-01-01
General Medicine,2020-03-12
General Medicine,2020-07-01
General Medicine,2020-07-14
General Medicine,2021-09-01
General Medicine,2021-12-01
General Medicine,2021-11-01
General Medicine,2021-09-20
General Medicine,2021-11-01
General Medicine,2021-12-01
General Medicine,2021-11-01
General Medicine,2021-06-01
General Medicine,2021-05-01
General Medicine,2021-01-11
General Medicine,2021-01-01
General Medicine,2021-06-01
General Medicine,2021-07-14
General Medicine,2021-04-23
General Medicine,2018-05-01
General Medicine,2018-10-01
General Medicine,2018-12-31
General Medicine,2018-07-27
General Medicine,2018-08-01
General Medicine,2022-09-15
General Medicine,2022-12-01
General Medicine,2022-09-01
General Medicine,2022-10-01
General Medicine,2022-01-01
General Medicine,2022-01-01
General Medicine,2022-05-01
General Medicine,2022-04-01
General Medicine,2022-05-01
General Medicine,2022-01-01
General Medicine,2022-07-01
General Medicine,2023-08-01
General Medicine,2023-01-01
General Medicine,2023-01-01
General Medicine,2023-01-01
General Medicine,2023-02-01
General Medicine,2023-01-01
Ecology,2018-03-01
Ecology,2023-08-01
Geology,2022-07-01
General Chemistry,2018-02-01
General Chemistry,2018-08-01
Ophthalmology,2018-01-01
Ophthalmology,2019-08-01
Ophthalmology,2019-01-01
Ophthalmology,2019-01-01
Ophthalmology,2020-09-01
Ophthalmology,2020-03-03
Ophthalmology,2020-01-01
Ophthalmology,2021-01-01
Ophthalmology,2021-06-01
Ophthalmology,2018-08-01
Ophthalmology,2022-09-01
Ophthalmology,2022-04-01
Ophthalmology,2022-03-01
Ophthalmology,2023-01-01
Ophthalmology,2023-04-01
Microbiology (medical),2018-08-01
Infectious Diseases,2020-10-01
Infectious Diseases,2018-10-01
General Arts and Humanities,2020-01-01
General Arts and Humanities,2021-04-19
General Arts and Humanities,2022-01-01
General Arts and Humanities,2022-06-09
General Social Sciences,2018-01-01
General Social Sciences,2020-09-01
General Social Sciences,2020-01-01
General Social Sciences,2021-12-03
General Social Sciences,2021-01-01
General Social Sciences,2021-01-01
General Social Sciences,2021-07-01
General Social Sciences,2021-03-19
General Social Sciences,2022-01-01
General Social Sciences,2022-01-27
General Social Sciences,2022-01-01
General Social Sciences,2023-04-18
General Social Sciences,2023-04-01
General Veterinary,2018-03-01
General Veterinary,2019-02-11
General Veterinary,2019-07-01
General Veterinary,2020-12-01
General Veterinary,2020-12-03
General Veterinary,2020-11-09
General Veterinary,2020-09-14
General Veterinary,2020-08-01
General Veterinary,2020-01-01
General Veterinary,2020-01-01
General Veterinary,2020-06-01
General Veterinary,2020-01-01
General Veterinary,2020-04-01
General Veterinary,2020-01-01
General Veterinary,2021-09-01
General Veterinary,2021-09-01
General Veterinary,2021-12-01
General Veterinary,2021-08-01
General Veterinary,2021-01-01
General Veterinary,2021-06-01
General Veterinary,2018-09-01
General Veterinary,2018-12-01
General Veterinary,2022-08-04
General Veterinary,2022-10-01
General Veterinary,2022-09-01
General Veterinary,2022-10-01
General Veterinary,2022-05-01
General Veterinary,2022-08-01
General Veterinary,2023-01-01
General Veterinary,2023-01-01
General Veterinary,2023-01-01
Health Policy,2019-12-02
Health Policy,2019-06-01
Health Policy,2020-08-01
Health Policy,2022-11-01
Health Policy,2023-12-01
Health Policy,2023-01-01
Public Health,2020-06-17
Public Health,2020-06-03
Public Health,2021-11-04
General Environmental Science,2020-11-01
General Environmental Science,2020-06-01
General Environmental Science,2021-10-01
General Environmental Science,2021-01-01
General Earth and Planetary Sciences,2020-10-28
General Earth and Planetary Sciences,2020-01-01
General Earth and Planetary Sciences,2021-06-14
Environmental Engineering,2019-03-01
Environmental Engineering,2020-01-01
Environmental Engineering,2018-09-01
Biomedical Engineering,2019-11-01
General Materials Science,2020-01-01
General Materials Science,2021-01-01
General Materials Science,2022-11-09
General Materials Science,2022-02-09
General Materials Science,2022-03-25
General Materials Science,2023-07-14
General Materials Science,2023-03-08
Finance,2022-06-01
Finance,2023-07-01
Economics and Econometrics,2019-05-01
Economics and Econometrics,2020-07-01
Economics and Econometrics,2022-09-01
Economics and Econometrics,2022-03-01
Economics and Econometrics,2023-03-01
Physiology,2018-09-01
Plant Science,2020-11-27
Plant Science,2021-10-15
Plant Science,2023-01-01
General Chemical Engineering,2018-01-01
General Chemical Engineering,2019-01-01
General Chemical Engineering,2020-01-01
General Chemical Engineering,2020-01-01
General Chemical Engineering,2020-01-01
General Chemical Engineering,2021-01-01
General Chemical Engineering,2022-11-25
General Chemical Engineering,2022-01-01
General Chemical Engineering,2022-03-01
Civil and Structural Engineering,2019-01-01
Civil and Structural Engineering,2022-01-01
Civil and Structural Engineering,2022-01-01
Civil and Structural Engineering,2023-01-01
General Nursing,2019-01-01
General Nursing,2019-01-01
General Nursing,2020-11-01
General Nursing,2021-05-01
General Nursing,2022-03-01
General Nursing,2022-04-01
General Nursing,2022-07-01
General Nursing,2023-05-01
General Nursing,2023-01-01
General Nursing,2023-01-01
General Nursing,2023-01-01
Anesthesiology and Pain Medicine,2019-02-01
Anesthesiology and Pain Medicine,2020-01-01
Animal Science and Zoology,2019-01-01
Animal Science and Zoology,2019-01-01
Animal Science and Zoology,2020-01-01
Education,2020-03-14
Education,2022-05-20
Education,2022-01-01
Education,2022-01-01
General Engineering,2018-03-30
General Engineering,2019-11-30
General Engineering,2019-11-30
General Engineering,2019-01-01
General Engineering,2019-07-01
General Engineering,2019-01-01
General Engineering,2020-09-30
General Engineering,2020-07-31
General Engineering,2020-01-01
General Engineering,2021-08-31
General Engineering,2021-08-31
General Engineering,2021-01-01
General Engineering,2021-01-01
General Engineering,2021-01-01
General Engineering,2021-01-01
General Engineering,2021-01-01
General Engineering,2018-12-04
General Engineering,2018-07-31
General Engineering,2022-11-01
General Engineering,2022-12-01
General Engineering,2022-06-01
General Engineering,2023-06-30
General Engineering,2023-03-31
General Engineering,2023-01-31
Radiology,2021-01-01
Radiology,2022-09-01
Radiology,2022-11-01
Radiology,2022-01-01
Radiology,2023-06-01
General Economics,2018-01-01
General Neuroscience,2022-04-01
Artificial Intelligence,2018-01-01
General Psychology,2018-01-01
General Psychology,2019-09-01
General Psychology,2019-01-01
General Psychology,2019-01-01
General Psychology,2022-10-06
General Psychology,2022-01-10
Pharmacology (medical),2018-06-22
Pharmacology (medical),2018-09-01
General Biochemistry,2019-10-24
General Biochemistry,2019-12-30
General Biochemistry,2019-10-01
General Biochemistry,2019-09-20
General Biochemistry,2020-08-01
General Biochemistry,2021-01-01
General Biochemistry,2022-12-01
General Biochemistry,2022-12-01
General Biochemistry,2022-07-01
General Biochemistry,2022-06-01
General Biochemistry,2022-01-01
Psychiatry and Mental Health,2021-03-01
Psychiatry and Mental Health,2018-10-01
Psychiatry and Mental Health,2023-07-01
Psychiatry and Mental Health,2023-01-01
Psychiatry and Mental Health,2023-01-01
General Mathematics,2019-08-01
General Mathematics,2020-06-01
General Mathematics,2021-03-02
General Mathematics,2018-08-08
General Mathematics,2022-12-01
General Mathematics,2022-02-01
General Mathematics,2023-01-01
General Mathematics,2023-01-01
General Physics and Astronomy,2018-04-02
General Physics and Astronomy,2019-12-16
General Physics and Astronomy,2019-11-07
General Physics and Astronomy,2019-12-16
General Physics and Astronomy,2019-04-18
General Physics and Astronomy,2019-02-01
General Physics and Astronomy,2019-07-03
General Physics and Astronomy,2019-05-10
General Physics and Astronomy,2019-03-01
General Physics and Astronomy,2019-04-05
General Physics and Astronomy,2020-09-03
General Physics and Astronomy,2020-10-26
General Physics and Astronomy,2020-03-26
General Physics and Astronomy,2020-06-15
General Physics and Astronomy,2021-07-01
General Physics and Astronomy,2021-06-25
General Physics and Astronomy,2018-12-01
General Physics and Astronomy,2018-09-17
General Physics and Astronomy,2018-12-19
General Physics and Astronomy,2018-08-21
General Physics and Astronomy,2018-08-29
General Physics and Astronomy,2018-06-01
General Physics and Astronomy,2018-11-29
General Physics and Astronomy,2022-10-01
General Physics and Astronomy,2022-01-07
General Physics and Astronomy,2022-02-04
General Physics and Astronomy,2023-01-01
General Physics and Astronomy,2023-01-01
General Physics and Astronomy,2023-03-01
Complementary and Alternative Medicine,2018-04-24
Complementary and Alternative Medicine,2022-12-01
Complementary and Alternative Medicine,2022-12-01
Complementary and Alternative Medicine,2023-12-01
Control and Systems Engineering,2019-01-01
Electrical and Electronic Engineering,2018-06-01
Immunology and Allergy,2021-11-01
Hematology,2019-09-01
Hematology,2019-02-01
Hematology,2020-12-22
Hematology,2021-12-01
Hematology,2021-07-27
Hematology,2021-02-09
Hematology,2021-01-01
Hematology,2021-01-01
Hematology,2022-06-28
Hematology,2022-01-01
Virology,2021-11-01
Genetics,2021-01-08
Information Systems,2022-01-01
Information Systems,2022-05-01
Pharmaceutical Science,2018-03-01
Pharmaceutical Science,2019-12-01
Pharmaceutical Science,2019-10-01
Pharmaceutical Science,2020-07-01
Pharmaceutical Science,2020-03-01
Pharmaceutical Science,2020-01-25
Pharmaceutical Science,2020-03-01
Pharmaceutical Science,2022-12-01
Organic Chemistry,2021-05-01
Food Science,2018-01-01
Food Science,2019-08-01
Food Science,2021-09-07
Food Science,2021-07-01
Food Science,2021-02-01
Food Science,2021-01-01
Food Science,2018-10-01
Food Science,2022-12-01
Food Science,2022-07-01
Communication,2018-01-01
Molecular Medicine,2021-09-01
Molecular Medicine,2021-06-01
Molecular Medicine,2022-01-01
Polymers and Plastics,2022-01-01
Geriatrics and Gerontology,2018-03-23
Geriatrics and Gerontology,2019-01-01
Multidisciplinary,2018-04-01
Multidisciplinary,2019-08-27
Multidisciplinary,2019-12-01
Multidisciplinary,2019-12-01
Multidisciplinary,2019-09-01
Multidisciplinary,2019-12-01
Multidisciplinary,2019-11-01
Multidisciplinary,2019-08-01
Multidisciplinary,2019-12-01
Multidisciplinary,2019-12-01
Multidisciplinary,2019-12-01
Multidisciplinary,2019-06-01
Multidisciplinary,2019-01-01
Multidisciplinary,2019-03-01
Multidisciplinary,2019-05-01
Multidisciplinary,2020-08-01
Multidisciplinary,2020-12-01
Multidisciplinary,2020-12-01
Multidisciplinary,2020-12-01
Multidisciplinary,2020-12-01
Multidisciplinary,2020-12-01
Multidisciplinary,2020-12-01
Multidisciplinary,2020-09-25
Multidisciplinary,2020-01-01
Multidisciplinary,2020-01-01
Multidisciplinary,2020-04-01
Multidisciplinary,2020-01-01
Multidisciplinary,2020-07-01
Multidisciplinary,2020-01-21
Multidisciplinary,2020-01-01
Multidisciplinary,2021-09-01
Multidisciplinary,2021-12-01
Multidisciplinary,2021-12-01
Multidisciplinary,2021-10-01
Multidisciplinary,2021-12-01
Multidisciplinary,2021-12-01
Multidisciplinary,2021-11-16
Multidisciplinary,2021-12-01
Multidisciplinary,2021-10-01
Multidisciplinary,2021-12-01
Multidisciplinary,2021-10-01
Multidisciplinary,2021-11-15
Multidisciplinary,2021-12-01
Multidisciplinary,2021-12-01
Multidisciplinary,2021-12-01
Multidisciplinary,2021-12-01
Multidisciplinary,2021-12-01
Multidisciplinary,2021-12-01
Multidisciplinary,2021-01-01
Multidisciplinary,2021-01-01
Multidisciplinary,2021-01-01
Multidisciplinary,2021-08-01
Multidisciplinary,2021-02-01
Multidisciplinary,2021-05-01
Multidisciplinary,2021-03-01
Multidisciplinary,2018-08-01
Multidisciplinary,2018-11-01
Multidisciplinary,2018-05-01
Multidisciplinary,2018-09-25
Multidisciplinary,2018-12-01
Multidisciplinary,2018-09-01
Multidisciplinary,2018-12-01
Multidisciplinary,2022-12-01
Multidisciplinary,2022-08-01
Multidisciplinary,2022-09-01
Multidisciplinary,2022-12-01
Multidisciplinary,2022-11-01
Multidisciplinary,2022-12-01
Multidisciplinary,2022-12-01
Multidisciplinary,2022-12-01
Multidisciplinary,2022-11-15
Multidisciplinary,2022-12-01
Multidisciplinary,2022-12-01
Multidisciplinary,2022-12-01
Multidisciplinary,2022-12-01
Multidisciplinary,2022-10-01
Multidisciplinary,2022-12-01
Multidisciplinary,2022-12-01
Multidisciplinary,2022-12-01
Multidisciplinary,2022-12-01
Multidisciplinary,2022-08-01
Multidisciplinary,2022-12-01
Multidisciplinary,2022-02-01
Multidisciplinary,2022-06-01
Multidisciplinary,2022-03-18
Multidisciplinary,2022-03-18
Multidisciplinary,2022-03-18
Multidisciplinary,2022-02-01
Multidisciplinary,2022-07-01
Multidisciplinary,2022-05-01
Multidisciplinary,2022-03-18
Multidisciplinary,2022-03-18
Multidisciplinary,2022-03-01
Multidisciplinary,2022-01-01
Multidisciplinary,2023-06-01
Multidisciplinary,2023-06-01
Multidisciplinary,2023-12-01
Multidisciplinary,2023-12-01
Multidisciplinary,2023-08-01
Multidisciplinary,2023-12-01
Multidisciplinary,2023-08-01
Multidisciplinary,2023-12-01
Multidisciplinary,2023-12-01
Multidisciplinary,2023-12-01
Multidisciplinary,2023-12-01
Multidisciplinary,2023-12-01
Multidisciplinary,2023-04-01
Multidisciplinary,2023-05-01
Multidisciplinary,2023-12-01
Multidisciplinary,2023-12-01
Multidisciplinary,2023-05-01
Multidisciplinary,2023-04-01
Multidisciplinary,2023-12-01
Multidisciplinary,2023-08-01
Multidisciplinary,2023-12-01
Multidisciplinary,2023-01-01
Multidisciplinary,2023-03-01
Multidisciplinary,2023-03-01
Multidisciplinary,2023-02-01
Sociology and Political Science,2020-01-01
Sociology and Political Science,2021-01-01
Computer Science (miscellaneous),2018-01-01
Computer Science (miscellaneous),2019-01-01
General Agricultural and Biological Sciences,2018-01-01
General Agricultural and Biological Sciences,2020-04-01
General Agricultural and Biological Sciences,2022-09-01
General Agricultural and Biological Sciences,2022-01-01
General Agricultural and Biological Sciences,2022-01-01
General Agricultural and Biological Sciences,2023-07-21
Water Science and Technology,2023-01-01
Geochemistry and Petrology,2020-01-01
Geochemistry and Petrology,2018-09-01
Geochemistry and Petrology,2023-06-15
Analytical Chemistry,2019-12-01
Analytical Chemistry,2021-12-01
Analytical Chemistry,2021-05-11
Analytical Chemistry,2021-02-01
Analytical Chemistry,2022-10-11
Analytical Chemistry,2022-05-01
Atomic and Molecular Physics,2018-01-01
Ecology,2022-11-01
Cardiology and Cardiovascular Medicine,2018-01-01
Cardiology and Cardiovascular Medicine,2022-01-01
Cardiology and Cardiovascular Medicine,2023-10-01
Cardiology and Cardiovascular Medicine,2023-06-01
Periodontics,2018-01-01
Periodontics,2020-10-01
Periodontics,2020-09-01
Periodontics,2018-05-01
Periodontics,2018-05-01
Periodontics,2023-03-01
Periodontics,2023-01-01
Geotechnical Engineering and Engineering Geology,2019-01-01
Physics and Astronomy (miscellaneous),2018-01-24
Physics and Astronomy (miscellaneous),2020-09-21
Physics and Astronomy (miscellaneous),2018-10-15
Physics and Astronomy (miscellaneous),2018-09-11
Physics and Astronomy (miscellaneous),2022-07-11
Pediatrics,2019-02-07
Pediatrics,2020-12-01
Pediatrics,2021-12-01
Pediatrics,2023-01-01
Pulmonary and Respiratory Medicine,2019-11-01
Pulmonary and Respiratory Medicine,2021-12-01
Pulmonary and Respiratory Medicine,2022-01-01
Pulmonary and Respiratory Medicine,2023-01-01
Marketing,2019-08-20
Marketing,2021-04-01
Marketing,2022-01-01
General Dentistry,2018-02-01
General Dentistry,2019-11-01
General Dentistry,2019-04-01
General Dentistry,2020-01-01
General Dentistry,2020-01-01
General Dentistry,2021-04-01
General Dentistry,2022-04-01
General Dentistry,2022-01-01
General Dentistry,2022-01-01
General Dentistry,2022-01-01
General Dentistry,2022-05-01
General Dentistry,2023-12-01
General Dentistry,2023-03-01
General Dentistry,2023-02-01
General Dentistry,2023-01-01
Endocrinology,2020-04-06
Health (social science),2023-01-01
Aquatic Science,2021-02-15
Aquatic Science,2021-02-25
Aquatic Science,2023-12-15
Gerontology,2019-09-01
Hepatology,2021-01-27
Hepatology,2021-06-01
Hepatology,2023-08-01
Gastroenterology,2019-03-01
Gastroenterology,2021-12-01
Gastroenterology,2018-05-03
Otorhinolaryngology,2020-07-02
Otorhinolaryngology,2021-06-01
Otorhinolaryngology,2018-09-01
Otorhinolaryngology,2022-01-01
Otorhinolaryngology,2023-01-01
Otorhinolaryngology,2023-01-01
Transplantation,2020-10-01
Transplantation,2020-05-01
Library and Information Sciences,2019-11-17
Orthopedics and Sports Medicine,2019-09-01
Orthopedics and Sports Medicine,2019-06-01
Orthopedics and Sports Medicine,2019-03-01
Orthopedics and Sports Medicine,2020-11-01
Orthopedics and Sports Medicine,2021-12-01
Orthopedics and Sports Medicine,2021-10-01
Orthopedics and Sports Medicine,2023-05-01
Orthopedics and Sports Medicine,2023-06-01
General Computer Science,2020-05-01
General Computer Science,2020-07-01
General Computer Science,2021-10-01
General Computer Science,2023-01-01
Surgery,2019-08-01
Surgery,2020-10-01
Surgery,2020-01-01
Surgery,2020-01-01
Surgery,2020-03-01
Surgery,2021-09-01
Surgery,2021-09-01
Surgery,2021-11-01
Surgery,2021-01-01
Surgery,2022-09-09
Surgery,2022-03-14
Surgery,2022-08-01
Surgery,2023-01-16
Oncology,2022-01-01
Nephrology,2019-01-01
Nephrology,2020-12-01
Nephrology,2020-04-01
Nephrology,2021-03-01
Nephrology,2022-12-01
Nephrology,2022-12-01
Nephrology,2022-12-01
Nephrology,2022-06-01
Nephrology,2023-07-01
Biotechnology,2021-04-01
Dermatology,2019-08-18
Dermatology,2019-01-01
Dermatology,2020-12-01
Dermatology,2020-02-01
Dermatology,2020-06-01
Dermatology,2018-12-01
Dermatology,2022-12-01
Dermatology,2022-07-05
Dermatology,2022-01-01
Dermatology,2022-07-01
Dermatology,2022-01-01
Dermatology,2023-01-01
Astronomy and Astrophysics,2021-07-01
Space and Planetary Science,2020-06-01
Biochemistry,2018-11-01
General Energy,2019-01-01
General Energy,2021-11-01
General Energy,2018-07-01
General Energy,2022-11-01
General Energy,2022-08-17
General Energy,2023-09-01
General Pharmacology,2022-06-01
Urology,2020-03-01
General Immunology and Microbiology,2021-04-08
General Immunology and Microbiology,2023-05-04
Critical Care and Intensive Care Medicine,2021-07-01
Critical Care and Intensive Care Medicine,2018-05-01
Critical Care and Intensive Care Medicine,2018-10-26
Critical Care and Intensive Care Medicine,2022-12-01
Critical Care and Intensive Care Medicine,2023-08-01
Insect Science,2020-08-01
Inorganic Chemistry,2019-01-01
Inorganic Chemistry,2022-04-13
Oral Surgery,2019-01-01
Applied Microbiology and Biotechnology,2023-01-01
Obstetrics and Gynecology,2019-05-19
Obstetrics and Gynecology,2020-06-30
Obstetrics and Gynecology,2020-03-17
Obstetrics and Gynecology,2018-09-03
Obstetrics and Gynecology,2018-08-01
Obstetrics and Gynecology,2022-05-01
Obstetrics and Gynecology,2022-07-01
Obstetrics and Gynecology,2022-01-01
Obstetrics and Gynecology,2022-02-01
Obstetrics and Gynecology,2023-09-01
Computational Mechanics,2021-05-01
Pathology and Forensic Medicine,2019-01-01
Pathology and Forensic Medicine,2018-06-01
Pathology and Forensic Medicine,2018-09-01
Small Animals,2023-07-01
Materials Science (miscellaneous),2020-12-01
Materials Science (miscellaneous),2021-12-01
Materials Science (miscellaneous),2021-12-01
Materials Science (miscellaneous),2023-01-01
Automotive Engineering,2022-06-01
Business,2020-08-21
Business,2023-01-26
Agronomy and Crop Science,2020-10-01
Agronomy and Crop Science,2018-11-01
Agronomy and Crop Science,2023-07-01
Economics,2021-01-01
Experimental and Cognitive Psychology,2020-01-01
Atmospheric Science,2021-03-01
Horticulture,2018-10-05
Horticulture,2022-07-27
Physiology (medical),2021-06-01
Physiology (medical),2021-08-01
Physiology (medical),2022-01-01
Architecture,2022-01-01
Emergency Medicine,2021-04-01
Environmental Science (miscellaneous),2023-04-01
Rheumatology,2021-06-01
Physical Therapy,2022-07-01
Physical Therapy,2023-01-01
Demography,2018-06-01
Orthodontics,2022-07-01
Orthodontics,2022-04-01
